{
    "mIoU": 76.43,
    "mPA": 85.92,
    "Accuracy": 95.63,
    "Class IoU": [0.97670147, 0.82298641, 0.91447551, 0.56973933, 0.59423626, 0.62680966,
                  0.69647801, 0.77301684, 0.9182741,  0.64161593, 0.94302244, 0.80783822, 
                  0.6322916,  0.9453499,  0.77964222, 0.84212873, 0.67359544, 0.600811, 0.76235527]
}
